,Title,link
0,Claro residência,/claro/claro-residencia_h-VgVeL0ez_dO42I/
1,NO CONSIGO FALAR COM UM HUMANO,/claro/no-consigo-falar-com-um-humano_0kiSV_xg-r4R7MA-/
2,Oi virou claro e não recebe ligações!!!,/claro/oi-virou-claro-e-nao-recebe-ligacoes_MGLOn30IWxNKww6s/
3,Mudança de plano sem a minha autorização,/claro/mudanca-de-plano-sem-a-minha-autorizacao_LfCJnrKfeO3Tr4RV/
4,Plano PREZAO,/claro/plano-prezao_iW3NARVJ71tk_jVM/
5,CHIP queimado - pedido *******,/claro/chip-queimado-pedido_eLvdcLE1IyuO7EUl/
6,"Nada funciona, nem ouvidoria",/claro/nada-funciona-nem-ouvidoria_9Igz_fsfg9FthgcQ/
7,Alteração de plano,/claro/alteracao-de-plano_DnKjFXXSmJskm8hq/
8,Não cancelam o morador anterio4,/claro/nao-cancelam-o-morador-anterio4_Qj61eNrzTmyK6hzT/
9,MINHA PORTABILIDADE NÃO FOI FINALIZADA,/claro/minha-portabilidade-nao-foi-finalizada_4vN38Ww4SGY0NiMw/
10,Fatura,/claro/fatura_ENbQbwn1p7lgcxMl/
11,O pior canal de telefonia e internet,/claro/o-pior-canal-de-telefonia-e-internet_i8RoVnO50vF_bIDm/
12,To cansada de ser atendida por IA,/claro/to-cansada-de-ser-atendida-por-ia_oSSjPqtRpbG-B-k4/
13,Humilhado,/claro/humilhado_fuBQ8zLig568fZR7/
14,claro residencia,/claro/claro-residencia_ZRL3oWXjF0Rj5MrJ/
15,Sem sinal de internet e TV,/claro/sem-sinal-de-internet-e-tv_buZGy5lTmOqPE6Sf/
16,Internet cai todos os dias,/claro/internet-cai-todos-os-dias_E4NvBkEUnT549msj/
17,"Claro quer que assinemos plano, sem nossa intenção.",/claro/claro-quer-que-assinemos-plano-sem-nossa-intencao_P6_07kwPIFICy0qZ/
18,A Claro NET está me impedindo de encerrar o meu contrato de internet,/claro/a-claro-net-esta-me-impedindo-de-encerrar-o-meu-contrato-de-internet_pMOu7qBjhxpRXxpu/
19,FATURA ABUSIVA,/claro/fatura-abusiva_eKqmCd5rhat7ehX9/
20,"Claro quer que assinemos plano, sem nossa intenção.",/claro/claro-quer-que-assinemos-plano-sem-nossa-intencao_P6_07kwPIFICy0qZ/
21,A Claro NET está me impedindo de encerrar o meu contrato de internet,/claro/a-claro-net-esta-me-impedindo-de-encerrar-o-meu-contrato-de-internet_pMOu7qBjhxpRXxpu/
22,FATURA ABUSIVA,/claro/fatura-abusiva_eKqmCd5rhat7ehX9/
23,"Lesado, enganado pelo atendente",/claro/enganado-pelo-atendente_p2EdLW2YBGbhXc2Y/
24,Muitas ligações diariamente,/claro/muitas-ligacoes-diariamente_n5pKbYswa3MI84er/
25,Cobrança indevida.,/claro/cobranca-indevida_PAcxrl-8EZ9JXCBU/
26,CRÉDITOS NÃO ENTRARAM NO SALDO DO CELULAR,/claro/creditos-nao-entraram-no-saldo-do-celular_aMnDDTItJ8A5MybS/
27,Cobrança Indevida e Recorrente,/claro/cobranca-indevida-e-recorrente_io5a9SkVp2oOaqIm/
28,SEM INTERNET,/claro/sem-internet_7eU3RGcmaFrrbz1T/
29,Sem acesso ao meu número de celular desde 20/07 após portabilidade,/claro/sem-acesso-ao-meu-numero-de-celular-desde-20-07-apos-portabilidade_0sih7G_7zlYWnWmH/
30,Restituição da linha URGENTE,/claro/restituicao-da-linha-urgente_4lgJ2VW3iA3gE5BU/
31,Celular não funciona,/claro/celular-nao-funciona_UyoEL_yk1AWlCpXq/
32,COBRANÇA INDEVIDA - FALTA DE RESPEITO - EQUIPE MAL INFORMADA,/claro/cobranca-indevida-falta-de-respeito-equipe-mal-informada_0d05xjJnEyIqEHav/
33,Carreguei e não posso usar,/claro/carreguei-e-nao-posso-usar_VD1yhGGAf_lHHiPK/
34,"Péssimo atendimento, Desrespeito e Burocracia para cancelar uma compra de celular.",/claro/pessimo-atendimento-desrespeito-e-burocracia-para-cancelar-uma-compra-de-c_gsUaTIoI9Fo3qgCB/
35,Negativada no Serasa sendo que a fatura não venceu,/claro/negativada-no-serasa-sendo-que-a-fatura-nao-venceu__BCk861bmESfSOX3/
36,Telemarketing em excesso,/claro/telemarketing-em-excesso_ry3nfPIcZkozznDj/
37,Cobrança Indevida de Produto que não tenho (Claro TV BOX),/claro/cobranca-indevida-de-produto-que-nao-tenho-claro-tv-box_pQqRnvgHW6IDhRMW/
38,Visita técnica agendada e não realizada,/claro/visita-tecnica-agendada-e-nao-realizada_HSg062NUQelpuq2k/
39,Internet ruim,/claro/internet-ruim_LcPclB83n81AEYH4/
40,Restituição da linha URGENTE,/claro/restituicao-da-linha-urgente_4lgJ2VW3iA3gE5BU/
41,Celular não funciona,/claro/celular-nao-funciona_UyoEL_yk1AWlCpXq/
42,COBRANÇA INDEVIDA - FALTA DE RESPEITO - EQUIPE MAL INFORMADA,/claro/cobranca-indevida-falta-de-respeito-equipe-mal-informada_0d05xjJnEyIqEHav/
43,Carreguei e não posso usar,/claro/carreguei-e-nao-posso-usar_VD1yhGGAf_lHHiPK/
44,"Péssimo atendimento, Desrespeito e Burocracia para cancelar uma compra de celular.",/claro/pessimo-atendimento-desrespeito-e-burocracia-para-cancelar-uma-compra-de-c_gsUaTIoI9Fo3qgCB/
45,Negativada no Serasa sendo que a fatura não venceu,/claro/negativada-no-serasa-sendo-que-a-fatura-nao-venceu__BCk861bmESfSOX3/
46,Telemarketing em excesso,/claro/telemarketing-em-excesso_ry3nfPIcZkozznDj/
47,Cobrança Indevida de Produto que não tenho (Claro TV BOX),/claro/cobranca-indevida-de-produto-que-nao-tenho-claro-tv-box_pQqRnvgHW6IDhRMW/
48,Visita técnica agendada e não realizada,/claro/visita-tecnica-agendada-e-nao-realizada_HSg062NUQelpuq2k/
49,Internet ruim,/claro/internet-ruim_LcPclB83n81AEYH4/
50,Claro é um lixo,/claro/claro-e-um-lixo_Z-NhIhejEBPUxRsb/
51,FALTA DE SINAL,/claro/falta-de-sinal_3eyL99VoeOO_xiPR/
52,cobrança indevida,/claro/cobranca-indevida_fWpwzvKxQ1JWzhSt/
53,Falta de orientação e grosseria para devolução de equipamento,/claro/falta-de-orientacao-e-grosseria-para-devolucao-de-equipamento_Nm9P1x3N5FapWoaV/
54,Cobrança indevida,/claro/cobranca-indevida_-TLMWePdEPbJPees/
55,Portabilidade não efetivada.,/claro/portabilidade-nao-efetivada_RNNbfkNhsThPqHjZ/
56,Muda promoção prezao sem mandar uma msg para avisar,/claro/muda-promocao-prezao-sem-mandar-uma-msg-para-avisar_nDxUC8mQ4MWYM3pL/
57,Estão cobrando a 3 meses um valor no meu cartão de crédito que não solicitei.,/claro/estao-cobrando-a-3-meses-um-valor-no-meu-cartao-de-credito-que-nao-solicite_Y_PxnDMVpnVnUyPt/
58,Linha cancelada indevidamente,/claro/linha-cancelada-indevidamente_Rdst3cmqVMs1t7nF/
59,Cobrança duplicada,/claro/cobranca-duplicada_KrdGHJ13errvzgST/
60,Celular não funciona,/claro/celular-nao-funciona_UyoEL_yk1AWlCpXq/
61,COBRANÇA INDEVIDA - FALTA DE RESPEITO - EQUIPE MAL INFORMADA,/claro/cobranca-indevida-falta-de-respeito-equipe-mal-informada_0d05xjJnEyIqEHav/
62,Carreguei e não posso usar,/claro/carreguei-e-nao-posso-usar_VD1yhGGAf_lHHiPK/
63,"Péssimo atendimento, Desrespeito e Burocracia para cancelar uma compra de celular.",/claro/pessimo-atendimento-desrespeito-e-burocracia-para-cancelar-uma-compra-de-c_gsUaTIoI9Fo3qgCB/
64,Negativada no Serasa sendo que a fatura não venceu,/claro/negativada-no-serasa-sendo-que-a-fatura-nao-venceu__BCk861bmESfSOX3/
65,Telemarketing em excesso,/claro/telemarketing-em-excesso_ry3nfPIcZkozznDj/
66,Cobrança Indevida de Produto que não tenho (Claro TV BOX),/claro/cobranca-indevida-de-produto-que-nao-tenho-claro-tv-box_pQqRnvgHW6IDhRMW/
67,Visita técnica agendada e não realizada,/claro/visita-tecnica-agendada-e-nao-realizada_HSg062NUQelpuq2k/
68,Internet ruim,/claro/internet-ruim_LcPclB83n81AEYH4/
69,Claro é um lixo,/claro/claro-e-um-lixo_Z-NhIhejEBPUxRsb/
70,FALTA DE SINAL,/claro/falta-de-sinal_3eyL99VoeOO_xiPR/
71,cobrança indevida,/claro/cobranca-indevida_fWpwzvKxQ1JWzhSt/
72,Falta de orientação e grosseria para devolução de equipamento,/claro/falta-de-orientacao-e-grosseria-para-devolucao-de-equipamento_Nm9P1x3N5FapWoaV/
73,Cobrança indevida,/claro/cobranca-indevida_-TLMWePdEPbJPees/
74,Portabilidade não efetivada.,/claro/portabilidade-nao-efetivada_RNNbfkNhsThPqHjZ/
75,Muda promoção prezao sem mandar uma msg para avisar,/claro/muda-promocao-prezao-sem-mandar-uma-msg-para-avisar_nDxUC8mQ4MWYM3pL/
76,Estão cobrando a 3 meses um valor no meu cartão de crédito que não solicitei.,/claro/estao-cobrando-a-3-meses-um-valor-no-meu-cartao-de-credito-que-nao-solicite_Y_PxnDMVpnVnUyPt/
77,Linha cancelada indevidamente,/claro/linha-cancelada-indevidamente_Rdst3cmqVMs1t7nF/
78,Cobrança duplicada,/claro/cobranca-duplicada_KrdGHJ13errvzgST/
79,Pagamento estão me roubando,/claro/pagamento-estao-me_bPO2kepm3KmVKW7s/
80,Perda constante  de sinal internet,/claro/perda-constante-de-sinal-internet_s3QfhOP_xXAm_eyx/
81,Não querem fazer o cancelamento da Linha Telefônica,/claro/nao-querem-fazer-o-cancelamento-da-linha-telefonica__aABXVJ1wKzlv46T/
82,TROCARAM MEU NÚMERO DE CELULAR,/claro/trocaram-meu-numero-de-celular_x_-k4kyCWRJNorB_/
83,Não reconheço a divida,/claro/nao-reconheco-a-divida_OyFHrKeAXXMV0jOw/
84,Me venderam produtos que não solicitei e nem muito menos foi aceito por mim,/claro/me-venderam-produtos-que-nao-solicitei-e-nem-muito-menos-foi-aceito-por-mim_mwfPWMYjgSuEtlZi/
85,Cobrança todos os anos após cancelamento,/claro/cobranca-todos-os-anos-apos-cancelamento_-uHxnqqPmQAFknTK/
86,Meu número foi cancelado,/claro/meu-numero-foi-cancelado_arCNirT0odecdDU4/
87,Internet,/claro/internet_gAYDEjk3Y-qgUCT4/
88,"Sem sinal, sem solução",/claro/sem-sinal-sem-solucao_AYci6z8RpakB4ZXV/
89,Internet uma porcaria. NÃO CONTRATEM,/claro/internet-uma-porcaria-nao-contratem_z19AFcG2GrzJIKjX/
90,Cancelamento,/claro/cancelamento_sbQGUJgTEZcLsRQ_/
91,propaganda enganosa e mal funcionamento,/claro/propaganda-enganosa-e-mal-funcionamento_weMZ6Y12TAw4HArt/
92,Sem acesso ao App,/claro/sem-acesso-ao-app_gjtfvCO-puwvwUVf/
93,Cancelei em 31/01/2023 e continuam enviando faturas de cobrança,/claro/cancelei-em-31-01-2023-e-continuam-enviando-faturas-de-cobranca_frezsSXX3b1P4eW9/
94,Valor cobrado inevidamente,/claro/valor-cobrado-inevidamente_YpQ5HXvxCcoc9GLl/
95,Cancelamento,/claro/cancelamento_RFMctNtqUSC3lNVz/
96,Cobrança indevida no meu cpf,/claro/cobranca-indevida-no-meu-cpf_yxwwJIV35OmvFlNq/
97,"Internet lenta, não abre os aplicativos",/claro/internet-lenta-nao-abre-os-aplicativos_DrqfXBgQltwl6ZV-/
98,Combinado e não foi cumprido,/claro/combinado-e-nao-foi-cumprido_olbZctVQHKzH9f04/
99,Problemas Técnicos não Resolvidos,/claro/problemas-tecnicos-nao-resolvidos_hglx1cCK77jTpTqi/
100,Não consigo desbloquear o IMEI do meu aparelho celular,/claro/nao-consigo-desbloquear-o-imei-do-meu-aparelho-celular_rYheQcf6CDc63hQm/
101,"Claro - Cobrando valor errado, ainda bloqueiam a internet. DESRESPEITO AO CLIENTE",/claro/claro-cobrando-valor-errado-ainda-bloqueiam-a-internet-desrespeito-ao-c_h19U8HydiuAZgZ4q/
102,LINHA SUSPENSA,/claro/linha-suspensa_EIWHTTarog_otJiN/
103,Claro efetuando cobrança de um chip que enviou um chip que não foi solicitado e não ativado.,/claro/claro-efetuando-cobranca-de-um-chip-que-enviou-um-chip-que-nao-foi-solicita_tA9iKxw5xcljt27x/
104,Não consigo cancelar minha internet.,/claro/nao-consigo-cancelar-minha-internet_UujnElXQw7Tw3Mcy/
105,COBRANÇA INDEVIDA DE PORTABILIDADE,/claro/cobranca-indevida-de-portabilidade_C6zBPCoU0i6K9aV9/
106,Internet pessima,/claro/internet-pessima_f9TunWNm02kGwvgI/
107,Péssimo aplicativo e atendimento,/claro/pessimo-aplicativo-e-atendimento_qH-ycu60t3Gi_nu_/
108,Valor da fatura veio muito mais alto que o normal.,/claro/valor-da-fatura-veio-muito-mais-alto-que-o-normal_M_7N927z3KqUgyww/
109,Claro móvel,/claro/claro-movel_4ob10-POz5MEcMF7/
110,Cobrança Incorreta em Meu Plano de Telefone,/claro/cobranca-incorreta-em-meu-plano-de-telefone_CPXBM2Iid_INzQGV/
111,Serviços que nunca contratei,/claro/servicos-que-nunca-contratei_RCHtsiJxBXnLNLPJ/
112,Internet cai frequentemente,/claro/internet-cai-frequentemente_alJ_-v_WNoGUqqmx/
113,2 semanas sem internet - Desrespeito da Claro,/claro/2-semanas-sem-internet-desrespeito-da-claro_Miy-R-wAL3m-ZZAT/
114,Cobrança com valor maior,/claro/cobranca-com-valor-maior_P5jZBR31TvVdrVJQ/
115,Cobrança indevida de taxa de cancelamento,/claro/cobranca-indevida-de-taxa-de-cancelamento_SJ6FCAa0jh7LnTYP/
116,E-sim não funciona troca de aparelho,/claro/e-sim-nao-funciona-troca-de-aparelho_Q9pyJd_rAEaQj4vZ/
117,Suporte técnico. Demora demais para atender,/claro/suporte-tecnico-demora-demais-para-atender_58CgmOh_6r02CaOn/
118,Sem sinal total de serviço recorrente,/claro/sem-sinal-total-de-servico-recorrente_2nPvESsac-Nfcax_/
119,Linha suspensa,/claro/linha-suspensa_Q8oENrmTT8W6s5G0/
120,Sem Internet ha 54h,/claro/sem-internet-ha-54h_e0YHzJHxza4XnKnh/
121,Sinal 3g/4g oscilando,/claro/sinal-3g-4g-oscilando_NL_r_UVMxZP5jjb6/
122,Claro Net não resolve o problema dos clientes,/claro/claro-net-nao-resolve-o-problema-dos-clientes_WNi3Kp_gFRu0O5Pb/
123,Multa rescisória com valor abusivo,/claro/multa-rescisoria-com-valor-abusivo_PXFyKx4a51dJ1pGc/
124,Atendimento péssimo,/claro/atendimento-pessimo_aAg2QNR2-dqM0TWM/
125,Aumento de Valor,/claro/aumento-de-valor_S7DOn_Y_-qKAbrEp/
126,SERV CONTRATRATADO CLARO RESIDENCIA,/claro/serv-contratratado-claro-residencia_cjsLxE8z5XQKBitX/
127,Cancelamento indevido,/claro/cancelamento-indevido_H6OCCn9Phc6DFKU9/
128,"Desconto de R$4,38 do saldo sem autorização",/claro/desconto-de-r-4-38-do-saldo-sem-autorizacao_foAoc-tepiYHzWPi/
129,Chip desativado,/claro/chip-desativado_95vuiM3Qi0pgLxox/
130,Contratação sem consentimento,/claro/contratacao-sem-consentimento_dmQeScc3wGV3yLbG/
131,Internet não funciona,/claro/internet-nao-funciona_Cau9pOIzy2TM8qtB/
132,Qualidade de Internet//Modem,/claro/qualidade-de-internet-modem_ZzxzrtFq7IkOX21G/
133,Trocaram meu plano sem aviso. em cima da hora,/claro/trocaram-meu-plano-sem-aviso-em-cima-da-hora_9JQb_VTpFjF1-06c/
134,Pagamento do mês errado,/claro/pagamento-do-mes-errado_1JztcD4sAq53dJgG/
135,Crédito não aprovado,/claro/credito-nao-aprovado_tdQU04qyrMzx1Zac/
136,Cobranças indevida sempre final do ano e bloqueio da linha.,/claro/cobrancas-indevida-sempre-final-do-ano-e-bloqueio-da-linha_YezxABeDrCIiiF0z/
137,Empresa não se importa com cliente,/claro/empresa-nao-se-importa-com-cliente_Sww6ZEIURaHgqeWk/
138,NÃO CONSIGO CANCELAR MINHA CONTA DA NETFLIX,/claro/nao-consigo-cancelar-minha-conta-da-netflix_3FX5s9Ekgi3ea20D/
139,Claro pré pago lesa cliente financeiramente,/claro/claro-pre-pago-lesa-cliente-financeiramente_YUsIzC4RvMlQjbHy/
140,Plano que eu não assinei finclaas,/claro/plano-que-eu-nao-assinei-finclaas_FxveLHfVVZnEv7F7/
141,Ativacyde um serviço cobrado,/claro/ativacyde-um-servico-cobrado_MWHs7E8VQMqE_g1u/
142,RECLAMAÇÃO MAO ATENDIMENTO,/claro/reclamacao-mao-atendimento_gcGv1dbjCOu8sJl6/
143,Cobrar multa,/claro/cobrar-multa_EbQ24p4yNAKHW1q8/
144,Sem internet e não consigo falar com a claro,/claro/sem-internet-e-nao-consigo-falar-com-a-claro_Npxu1PFU4nP9cFP_/
145,Atendimento Telefonico Inconclusivo,/claro/atendimento-telefonico-inconclusivo_apBE4_naONl7GVQk/
146,Internet,/claro/internet_jTF_3kD_P218BOAx/
147,Recarga da claro,/claro/recarga-da-claro_1r-eBGoVGlRbW0fV/
148,Contestação de fatura,/claro/contestacao-de-fatura_rCBSwEtpeNj_mSq7/
149,CONEXÃO LENTA,/claro/conexao-lenta_60PTbeViXorhW91_/
150,Cobrança de mensalidade referente a período posterior ao cancelamento,/claro/cobranca-de-mensalidade-referente-a-periodo-posterior-ao-cancelamento_F_jb8SHYpYlqIno-/
151,CONTRATO COMBO MULTI,/claro/contrato-combo-multi_YS67xE4wa7Xvq7A2/
152,Internet tv sem sinal,/claro/internet-tv-sem-sinal_GHbyG5wftZr1wEFm/
153,Engano na Contratação: Requerendo Reembolso por Serviço Não Utilizado,/claro/engano-na-contratacao-requerendo-reembolso-por-servico-nao-utilizado_SHihyt0mVz-i_5Sj/
154,Internet instável,/claro/internet-instavel_yaWu51kLr5VCiuFK/
155,Golpe,/claro/titulo_QSNNaTgD99iLZ8Al/
156,Cobrança indevida de novo,/claro/cobranca-indevida-de-novo_b8Jk6XeQmIDzwmUa/
157,Negociação não cumprida desemprego,/claro/negociacao-nao-cumprida-desemprego_GxtXF23AlpBZ6qjr/
158,Plano,/claro/plano_T7tGgBC3WnGVanKj/
159,Sem sinal,/claro/sem-sinal_qiKcs9Qu-S8NgGuk/
160,Serviço de internet,/claro/servico-de-internet_L1mm1kjal_zCShcH/
161,Atendimento desrespeitoso.,/claro/atendimento-desrespeitoso_uAeZYH5vphbprJ1O/
162,Internet lenta,/claro/internet-lenta_NEReMBHiP-fmyyqS/
163,Cancelamento de assinatura Globo Play,/claro/cancelamento-de-assinatura-globo-play_rcdL9G-MmL8O-YsV/
164,Péssimo atendimento: Wi-Fi mesh,/claro/pessimo-atendimento-wi-fi-mesh_Rph7ymK7lxRxbAvJ/
165,Internet lenta e péssimo atendimento,/claro/internet-lenta-e-pessimo-atendimento_40dYXIZTb_dZM6nm/
166,Internet residencial claro,/claro/internet-residencial-claro_9y-d2cUZJHX0B6eF/
167,Cancelamento de adicional de TV,/claro/cancelamento-de-adicional-de-tv_57MWiRpGCawX4P9I/
168,Fatura Paga Indevidamente,/claro/fatura-paga-indevidamente_ld0DCYWfOXG4pOIN/
169,Claro Flex que não é nada flex,/claro/claro-flex-que-nao-e-nada-flex_5m7fElPLEnDt8_42/
170,Cobrança indevida,/claro/cobranca-indevida_XPTnrdw4O6pG1t3H/
171,"Impossivel cancelar um contrato, complicado demais",/claro/impossivel-cancelar-um-contrato-complicado-demais__CvhtwPmh5r1eN1E/
172,Péssimo Atendimento - Claro nega alteração de plano em Abril/2023,/claro/pessimo-atendimento-claro-nega-alteracao-de-plano-em-abril-2023_tNmd9asyaf-NgMni/
173,FALTA DE ASSISTÊNCIA TÉCNICA,/claro/falta-de-assistencia-tecnica_I-2VKOujAMRAk9LI/
174,"Cancelamento de Assinatura - Internet Residencial (Novamente, uma saga)",/claro/cancelamento-de-assinatura-internet-residencial-novamente-uma-saga_XnsrctkB2KkteW_4/
175,Reagendamento forçado,/claro/reagendamento-forcado_dAwL3SorxE0lJ1UB/
176,"Não gostei do plano , não é o que espera , eles deixa eu horas no telefone esperando alguém falar",/claro/nao-gostei-do-plano-nao-e-o-que-espera-eles-deixa-eu-horas-no-telefone_8Fq3wqNf4p3XTzaU/
177,Corte de internet indevido,/claro/corte-de-internet-indevido_5nIU81dLSPg-I6HG/
178,Aumento do prezão pela segunda vez no ano!,/claro/aumento-do-prezao-pela-segunda-vez-no-ano_2WZst0IcEoLmElEW/
179,NAO FUNCIONA A TV A CABO NET VIRTUA A 1 SEMANA.,/claro/nao-funciona-a-tv-a-cabo-net-virtua-a-1-semana_ahRFX7O0H6K8m1aw/
180,Assinatura indevida,/claro/assinatura-indevida_G00YKC0WrTQqD5WT/
181,Sem internet em casa! Técnico não veio,/claro/sem-internet-em-casa-tecnico-nao-veio_DUYdn2HzyyWi0sl0/
182,Portabilidade,/claro/portabilidade_xrd1cAanJVFEQHGK/
183,Horário de funcionamento,/claro/horario-de-funcionamento_eVlGyAHg_pk44HPX/
184,cancelamento,/claro/cancelamento_dinqVQmenH8rN4F3/
185,COBRANÇA INDEVIDA E INSERÇÃO DO CPF NO SPC,/claro/cobranca-indevida-e-insercao-do-cpf-no-spc_LZFHe-fBe5VN_Kz1/
186,Serviço Horrível,/claro/servico-horrivel_ZhzYZdFK9SExpFQU/
187,Cancelaram meu plano sem eu pedir,/claro/cancelaram-meu-plano-sem-eu-pedir_VCkuexORxANxAzsD/
188,CLARO MANDOU A FATURA ERRADA,/claro/claro-mandou-a-fatura-errada_W1WG57QnwxLBxFPL/
189,Mudança de pacote sem aviso,/claro/mudanca-de-pacote-sem-aviso_H4vbSz25968eLAx_/
190,NÃO ATIVARAM O PLANO E SUMIRAM COM O VALOR DA RECARGA,/claro/nao-ativaram-o-plano-e-sumiram-com-o-valor-da-recarga_x7ETdly5izNRzugv/
191,Cancelamento de plano,/claro/cancelamento-de-plano_yc10nHC3M8ugIaak/
192,Problema com o sinal,/claro/problema-com-o-sinal_kjdwNa4g3yOf1SES/
193,Sinal interrompido,/claro/sinal-interrompido_-jq-0WXo40weinJM/
194,"linha cancelada,mas aprovaram minha recarga e não me deixam usar os benefícios",/claro/linha-cancelada-mas-aprovaram-minha-recarga-e-nao-me-deixam-usar-os-benefic_68a9VMUDeIZ9Jan7/
195,Valores diferentes do acordado,/claro/valores-diferentes-do-acordado_NWFc4tNHN1frY5yA/
196,cancelamento de visita tecnica,/claro/cancelamento-de-visita-tecnica_pBfwy4sSToCCwCAT/
197,cobrança indevida,/claro/cobranca-indevida_GHRFixO3mZAp2ubj/
198,Dois pagamentos em 1 fatura,/claro/dois-pagamentos-em-1-fatura_E0-SFXmM9ZhrDU06/
199,Bloqueio da Linha com o pagamento efetuado,/claro/bloqueio-da-linha-com-o-pagamento-efetuado_qMM1tHL-M781Pz_7/
200,Golpe Claro Net,/claro/claro-net_R12Wggh1k1uB8vF5/
201,Técnico não executou o trabalho correto,/claro/tecnico-nao-executou-o-trabalho-correto_LaACRqlNzEW2V9Ng/
202,Contestação de Fatura - NET,/claro/contestacao-de-fatura-net_llJKKZ_th-LydKVt/
203,FALTA DE ACESSO,/claro/falta-de-acesso_K4mr4Kjet6ZgbG0h/
204,Não consigo colocar crédito com cartão de crédito pede pra fazer pix,/claro/nao-consigo-colocar-credito-com-cartao-de-credito-pede-pra-fazer-pix_V5EmkkYgsYgY-Edr/
205,INTERNET NÃO FUNCIONA .. PÉSSIMO,/claro/internet-nao-funciona-pessimo_ist1dCylN5hxEKVp/
206,Paguei a minha negociação a 8  dias úteis. E estou sem serviço,/claro/paguei-a-minha-negociacao-a-8-dias-uteis-e-estou-sem-servico_ekxJIYgicaB4xltq/
207,valor divergente,/claro/valor-divergente_rIX5Q_-SiEBfeVTo/
208,Claro flex,/claro/claro-flex_cFWVtSkM7EQd1tT2/
209,Não consigo efetuar troca para e-sim,/claro/nao-consigo-efetuar-troca-para-e-sim_2d6vD_Ps3S--b1Ib/
210,Instalação do plano falta de compromisso,/claro/instalacao-do-plano-falta-de-compromisso_LBrEx-dqBKmfCkQk/
211,Não fornecimento do serviço.,/claro/nao-fornecimento-do-servico_WAECoYyqTLukvI27/
212,Reinstalação,/claro/reinstalacao_hOl7_O4KsB7xrsaZ/
213,Socorro!!! Quero voltar pra Vivo!!!,/claro/socorro-quero-voltar-pra-vivo_oW6gp4sYSw0NnDiN/
214,Sem sinal há mais de 3 dias,/claro/sem-sinal-ha-mais-de-3-dias_3VJ2-iPGDj8NsyTb/
215,Dividas,/claro/dividas_gPplKmJfm8jY3jE8/
216,Estão cobrando coisas que eu não contratei,/claro/estao-cobrando-coisas-que-eu-nao-contratei_pG11asZ2MxCwRdPS/
217,Falta de internet,/claro/falta-de-internet_ieDNTdtNVpyaSoTK/
218,Cobrança Indevida após cancelamento de plano,/claro/cobranca-indevida-apos-cancelamento-de-plano_NjM92ADsX0plIcEj/
219,Domingo inteiro sem internet,/claro/domingo-inteiro-sem-internet_vnMca9fXmdKkuayS/
220,Cancelamento não efetuado,/claro/cancelamento-nao-efetuado_bgqF2pnNJgbVRPUb/
221,Desorganização,/claro/desorganizacao_V3ZaoDNSdhSLpDLT/
222,Sinal péssimo,/claro/sinal-pessimo__BUZU6imIfVBWEPL/
223,Não me mandaram o aparelho base,/claro/nao-me-mandaram-o-aparelho-base_lH0lD92_bPTe1-uF/
224,Cancelamento de contrato,/claro/cancelamento-de-contrato_dFjbOJ615iNJYsg5/
225,Cobrança indevida claroflex,/claro/cobranca-indevida-claroflex_sqS0FryWsprtMzZt/
226,Atraso de envio de fatura,/claro/atraso-de-envio-de-fatura_LlWpxxoKA1oHqE0S/
227,Crédito de celular,/claro/credito-de-celular_ATyP_HZBiLABaxh8/
228,Torre da claro sem no-breaks para garantir estabilidade em falta de energia,/claro/torre-da-claro-sem-no-breaks-para-garantir-estabilidade-em-falta-de-energia_OM8GcHjvyi0ppJDA/
229,cobrança indevida,/claro/cobranca-indevida_07y6AEKWXh-Ar6hl/
230,Cancelaram o meu número,/claro/cancelaram-o-meu-numero_ard3U45IMMVcDoor/
231,Cobrança indevida,/claro/cobranca-indevida_l7GkRFcpmhOPqpti/
232,Nome no serasa se ter nada em aberto.,/claro/nome-no-serasa-se-ter-nada-em-aberto_sL3dXA7Q8uhz98mX/
233,Internet e TV,/claro/internet-e-tv_6r_V8jwfWEsx9gEx/
234,Cobrança indevida,/claro/cobranca-indevida_RfO815RmUgQJ3PTd/
235,Problemas sem solução,/claro/problemas-sem-solucao_73iCShSFGsTqDBaU/
236,Claro,/claro/claro_N33n28DqhRV2AWWo/
237,Mudança de endereço,/claro/mudanca-de-endereco_mWfp_W7WM8YD_aSB/
238,Tratamento Desrespeitoso da Atendente e da Suposta Supervisora Vitória na Central 1052,/claro/tratamento-desrespeitoso-da-atendente-e-da-suposta-supervisora-vitoria-na-c_ivaHSVATL0c8QVdk/
239,Me enganaram nao cancelaram meu plano,/claro/me-enganaram-nao-cancelaram-meu-plano_sGXYxy-Ny4bfn0lW/
240,COBRANÇA INDEVIDA DE ACESSO CANAIS,/claro/cobranca-indevida-de-acesso-canais_gcvy29rvhL0aLJAO/
241,Notificação menu claro,/claro/notificacao-menu-claro_pToMilV-KFlu_AkP/
242,Internet da claro a pior,/claro/internet-da-claro-a-pior_9RyQ6IHYz42tB6DV/
243,Número suspenso mesmo colocando crédito,/claro/numero-suspenso-mesmo-colocando-credito_BzxhomZ5gBhBHICC/
244,Comeu meus créditos,/claro/comeu-meus-creditos_wQJYLGY5h6N782MU/
245,Internet com sinal péssimo,/claro/internet-com-sinal-pessimo_70pLSPQY70pxZKZI/
246,Claro aumentou o Prezão sem avisar,/claro/claro-aumentou-o-prezao-sem-avisar_Frz8qdqCkS6VvMxo/
247,Cobrança de taxa de cancelamento,/claro/cobranca-de-taxa-de-cancelamento_ufB8WI0NjKYkhrrq/
248,Não consigo fazer a distribuição de pacote de dados,/claro/nao-consigo-fazer-a-distribuicao-de-pacote-de-dados_0MK4n70rXVyFQ4eS/
249,Renovação de contrato sem consentimento,/claro/renovacao-de-contrato-sem-consentimento_dZFXmTYrI4FeJFAX/
250,Fatura paga e não reconhecida: golpe!,/claro/fatura-paga-e-nao-reconhecida_mkeV4iXz6ceC4paX/
251,Claro móvel além de ruim não emite o boleto,/claro/claro-movel-alem-de-ruim-nao-emite-o-boleto_dFNHxl--gRAp_sqS/
252,NÃO CONSIGO RECEBER SMS,/claro/nao-consigo-receber-sms_LpFfwjPliBDSk7MW/
253,1 dia sem Internet,/claro/1-dia-sem-internet_iqmj7lBAr_jNynme/
254,Enganação,/claro/enganacao_vsgnAZ56Xl_5vLbg/
255,Serviço de renovação da operadora Claro não é confiável,/claro/servico-de-renovacao-da-operadora-claro-nao-e-confiavel_ZCrCbCBUXdfv6nGL/
256,Não me atende e me deixaram sem sinal,/claro/nao-me-atende-e-me-deixaram-sem-sinal_G36o83PlHke7uNjA/
257,Victor o dono arrogante da empresa,/claro/victor-o-dono-arrogante-da-empresa_EPrXJX_DHM5B3az3/
258,Erro no sistema,/claro/erro-no-sistema_1pjMt-PEWthwrxM6/
259,Alteração de pacote,/claro/alteracao-de-pacote_07LqAzdbvo_Egupz/
260,Falta de transparência com o cliente,/claro/falta-de-transparencia-com-o-cliente_yn0jloHKO58eqAhk/
261,LIGAÇÕES E SUSPENSÃO DA LINHA,/claro/ligacoes-e-suspensao-da-linha_ZuYsECh7YYplQ-Pk/
262,atendimento medonho,/claro/atendimento-medonho_6oOkAa62MWSbuxef/
263,Sinal baixo de mais,/claro/sinal-baixo-de-mais_S_unhf1XM0o0yrPe/
264,Fibra NetClaro com problema,/claro/fibra-netclaro-com-problema_LN8ErrLLF-aVh2Hq/
265,Empresa Almentou meu plano,/claro/empresa-almentou-meu-plano_yD1pZ93bKbGNQUti/
266,Corte e cobranças [Editado pelo Reclame Aqui],/claro/corte-e-cobrancas_a4r9RjhF6Dv-T3Qr/
267,Subiram o valor do plano e cortaram benefícios,/claro/subiram-o-valor-do-plano-e-cortaram-beneficios_Hsdjw-KszdrvkoCf/
268,Cancelamento da pré pago,/claro/cancelamento-da-pre-pago_ccTpfKUUzEQ8aovp/
269,Cobrança Indevida,/claro/cobranca-indevida_0Ks09MBL-uF9Yemp/
270,Internet,/claro/internet_fk19z_RBMGOCyeh1/
271,Cancelamento,/claro/cancelamento_Cau03DqTp63St9SC/
272,Sem internet da Claro no sábado e domingo,/claro/sem-internet-da-claro-no-sabado-e-domingo_6-C8pUfXU_mdWJp2/
273,EMPRESA NÃO QUER CANCELAR PLANO,/claro/empresa-nao-quer-cancelar-plano_XnXk5dqZzZ_3nirx/
274,Desativação de linha indevida,/claro/desativacao-de-linha-indevida_R73qazOybf4x3fF8/
275,Não consigo ativar a NETFLIX,/claro/nao-consigo-ativar-a-netflix_NrlkJZZjnBXJ9L_K/
276,Troca de plano,/claro/troca-de-plano_87fPI5_ilgcK7T-d/
277,Acabei de pagar a internet claro controle,/claro/acabei-de-pagar-a-internet-claro-controle_X09WL9Luhp-eGgKy/
278,Recarga,/claro/recarga__J115yrgJUuL1D7U/
279,Cancelei e não tiraram o aparey,/claro/cancelei-e-nao-tiraram-o-aparey_fhDMWaLxg_TjgWZ2/
280,"Horas no telefone para cancelar, dizem que cancelaram e nao cancelam",/claro/horas-no-telefone-para-cancelar-dizem-que-cancelaram-e-nao-cancelam_A7IT_Okd3TJsEK7O/
281,Canal vendido junto no pacto não funciona,/claro/canal-vendido-junto-no-pacto-nao-funciona_is4DzJ5Q_JyzIL1q/
282,Pessímo atendimento,/claro/pessimo-atendimento_N5uEjK6qpKq576om/
283,Mentira,/claro/mentira_TAB284qVW84caqGo/
284,Sinal de dados móveis,/claro/sinal-de-dados-moveis_mk5usPbAq5c0mnmh/
285,Propaganda enganosa,/claro/propaganda-enganosa_Ge1MFoYG3931pI7g/
286,péssimo atendimento,/claro/pessimo-atendimento_lFfjFIvpS81jf3VH/
287,Cobrança indevida,/claro/cobranca-indevida_q-fOxR30XVNgMnAE/
288,Mudar titularidade,/claro/mudar-titularidade_FsTEcKMKhm62zIJZ/
289,Enganando os clientes,/claro/enganando-os-clientes_OJURdDyAcRcV3OnL/
290,Dificuldade em atualização do plano/pacote,/claro/dificuldade-em-atualizacao-do-plano-pacote_yPiJZth0LUKktTpg/
291,Paguei a segunda parcela do meu acordo e cancelaram ele,/claro/paguei-a-segunda-parcela-do-meu-acordo-e-cancelaram-ele_xCkEpLuY3SRSyXAN/
292,TV Box da Claro não grava,/claro/tv-box-da-claro-nao-grava_E0uCT1p94h0JUq7d/
293,INTERNET nao entrega o que vende,/claro/internet-nao-entrega-o-que-vende_MxBiVy4RidcsS_vD/
294,Recebo cobrança por um serviço que eu não solicitei,/claro/recebo-cobranca-por-um-servico-que-eu-nao-solicitei_6j7DRpwFEpITP3Qv/
295,Plano de 600M e recebendo 27!,/claro/plano-de-600m-e-recebendo-27_jcwveOOAJnoJBoY-/
296,"Suporte Incorreto, Informações Errôneas, omissão de informações",/claro/suporte-incorreto-informacoes-erroneas-omissao-de-informacoes_BqE1_86Hq0wsELGq/
297,Fiz uma recarga e não entrou saldo,/claro/fiz-uma-recarga-e-nao-entrou-saldo_iwd8JqRJmE8YVrk-/
298,SAC ALEGA NÃO PODER FAZER NADA E OUVIDORIA NAO ATENDE O PROTOCOLO ******* ESTAR EM ANDAMENTO,/claro/sac-alega-nao-poder-fazer-nada-e-ouvidoria-nao-atende-o-protocolo-e_CMxpB1krHAhENhqp/
299,cobrança indevida,/claro/cobranca-indevida_s_5b4rMa_mhZAiPv/
300,Paguei a segunda parcela do meu acordo e cancelaram ele,/claro/paguei-a-segunda-parcela-do-meu-acordo-e-cancelaram-ele_xCkEpLuY3SRSyXAN/
301,TV Box da Claro não grava,/claro/tv-box-da-claro-nao-grava_E0uCT1p94h0JUq7d/
302,INTERNET nao entrega o que vende,/claro/internet-nao-entrega-o-que-vende_MxBiVy4RidcsS_vD/
303,Recebo cobrança por um serviço que eu não solicitei,/claro/recebo-cobranca-por-um-servico-que-eu-nao-solicitei_6j7DRpwFEpITP3Qv/
304,Plano de 600M e recebendo 27!,/claro/plano-de-600m-e-recebendo-27_jcwveOOAJnoJBoY-/
305,"Suporte Incorreto, Informações Errôneas, omissão de informações",/claro/suporte-incorreto-informacoes-erroneas-omissao-de-informacoes_BqE1_86Hq0wsELGq/
306,Fiz uma recarga e não entrou saldo,/claro/fiz-uma-recarga-e-nao-entrou-saldo_iwd8JqRJmE8YVrk-/
307,SAC ALEGA NÃO PODER FAZER NADA E OUVIDORIA NAO ATENDE O PROTOCOLO ******* ESTAR EM ANDAMENTO,/claro/sac-alega-nao-poder-fazer-nada-e-ouvidoria-nao-atende-o-protocolo-e_CMxpB1krHAhENhqp/
308,cobrança indevida,/claro/cobranca-indevida_s_5b4rMa_mhZAiPv/
309,troca de plano,/claro/troca-de-plano_byu6WjUh0cxAFejb/
310,TV Box da Claro não grava,/claro/tv-box-da-claro-nao-grava_E0uCT1p94h0JUq7d/
311,INTERNET nao entrega o que vende,/claro/internet-nao-entrega-o-que-vende_MxBiVy4RidcsS_vD/
312,Recebo cobrança por um serviço que eu não solicitei,/claro/recebo-cobranca-por-um-servico-que-eu-nao-solicitei_6j7DRpwFEpITP3Qv/
313,Plano de 600M e recebendo 27!,/claro/plano-de-600m-e-recebendo-27_jcwveOOAJnoJBoY-/
314,"Suporte Incorreto, Informações Errôneas, omissão de informações",/claro/suporte-incorreto-informacoes-erroneas-omissao-de-informacoes_BqE1_86Hq0wsELGq/
315,Fiz uma recarga e não entrou saldo,/claro/fiz-uma-recarga-e-nao-entrou-saldo_iwd8JqRJmE8YVrk-/
316,SAC ALEGA NÃO PODER FAZER NADA E OUVIDORIA NAO ATENDE O PROTOCOLO ******* ESTAR EM ANDAMENTO,/claro/sac-alega-nao-poder-fazer-nada-e-ouvidoria-nao-atende-o-protocolo-e_CMxpB1krHAhENhqp/
317,cobrança indevida,/claro/cobranca-indevida_s_5b4rMa_mhZAiPv/
318,troca de plano,/claro/troca-de-plano_byu6WjUh0cxAFejb/
319,Furto de Créditos e aumento sem comunicação Prévia aos usuários,/claro/furto-de-creditos-e-aumento-sem-comunicacao-previa-aos-usuarios_lLYgHra6AlKUNGV5/
320,INTERNET nao entrega o que vende,/claro/internet-nao-entrega-o-que-vende_MxBiVy4RidcsS_vD/
321,Recebo cobrança por um serviço que eu não solicitei,/claro/recebo-cobranca-por-um-servico-que-eu-nao-solicitei_6j7DRpwFEpITP3Qv/
322,Plano de 600M e recebendo 27!,/claro/plano-de-600m-e-recebendo-27_jcwveOOAJnoJBoY-/
323,"Suporte Incorreto, Informações Errôneas, omissão de informações",/claro/suporte-incorreto-informacoes-erroneas-omissao-de-informacoes_BqE1_86Hq0wsELGq/
324,Fiz uma recarga e não entrou saldo,/claro/fiz-uma-recarga-e-nao-entrou-saldo_iwd8JqRJmE8YVrk-/
325,SAC ALEGA NÃO PODER FAZER NADA E OUVIDORIA NAO ATENDE O PROTOCOLO ******* ESTAR EM ANDAMENTO,/claro/sac-alega-nao-poder-fazer-nada-e-ouvidoria-nao-atende-o-protocolo-e_CMxpB1krHAhENhqp/
326,cobrança indevida,/claro/cobranca-indevida_s_5b4rMa_mhZAiPv/
327,troca de plano,/claro/troca-de-plano_byu6WjUh0cxAFejb/
328,Furto de Créditos e aumento sem comunicação Prévia aos usuários,/claro/furto-de-creditos-e-aumento-sem-comunicacao-previa-aos-usuarios_lLYgHra6AlKUNGV5/
329,Aparelho retirado e cobrança indevida,/claro/aparelho-retirado-e-cobranca-indevida_g6hVpZLB6kRplX4H/
330,Recebo cobrança por um serviço que eu não solicitei,/claro/recebo-cobranca-por-um-servico-que-eu-nao-solicitei_6j7DRpwFEpITP3Qv/
331,Plano de 600M e recebendo 27!,/claro/plano-de-600m-e-recebendo-27_jcwveOOAJnoJBoY-/
332,"Suporte Incorreto, Informações Errôneas, omissão de informações",/claro/suporte-incorreto-informacoes-erroneas-omissao-de-informacoes_BqE1_86Hq0wsELGq/
333,Fiz uma recarga e não entrou saldo,/claro/fiz-uma-recarga-e-nao-entrou-saldo_iwd8JqRJmE8YVrk-/
334,SAC ALEGA NÃO PODER FAZER NADA E OUVIDORIA NAO ATENDE O PROTOCOLO ******* ESTAR EM ANDAMENTO,/claro/sac-alega-nao-poder-fazer-nada-e-ouvidoria-nao-atende-o-protocolo-e_CMxpB1krHAhENhqp/
335,cobrança indevida,/claro/cobranca-indevida_s_5b4rMa_mhZAiPv/
336,troca de plano,/claro/troca-de-plano_byu6WjUh0cxAFejb/
337,Furto de Créditos e aumento sem comunicação Prévia aos usuários,/claro/furto-de-creditos-e-aumento-sem-comunicacao-previa-aos-usuarios_lLYgHra6AlKUNGV5/
338,Aparelho retirado e cobrança indevida,/claro/aparelho-retirado-e-cobranca-indevida_g6hVpZLB6kRplX4H/
339,Fatura,/claro/fatura_ENbQbwn1p7lgcxMl/
340,Plano de 600M e recebendo 27!,/claro/plano-de-600m-e-recebendo-27_jcwveOOAJnoJBoY-/
341,"Suporte Incorreto, Informações Errôneas, omissão de informações",/claro/suporte-incorreto-informacoes-erroneas-omissao-de-informacoes_BqE1_86Hq0wsELGq/
342,Fiz uma recarga e não entrou saldo,/claro/fiz-uma-recarga-e-nao-entrou-saldo_iwd8JqRJmE8YVrk-/
343,SAC ALEGA NÃO PODER FAZER NADA E OUVIDORIA NAO ATENDE O PROTOCOLO ******* ESTAR EM ANDAMENTO,/claro/sac-alega-nao-poder-fazer-nada-e-ouvidoria-nao-atende-o-protocolo-e_CMxpB1krHAhENhqp/
344,cobrança indevida,/claro/cobranca-indevida_s_5b4rMa_mhZAiPv/
345,troca de plano,/claro/troca-de-plano_byu6WjUh0cxAFejb/
346,Furto de Créditos e aumento sem comunicação Prévia aos usuários,/claro/furto-de-creditos-e-aumento-sem-comunicacao-previa-aos-usuarios_lLYgHra6AlKUNGV5/
347,Aparelho retirado e cobrança indevida,/claro/aparelho-retirado-e-cobranca-indevida_g6hVpZLB6kRplX4H/
348,Fatura,/claro/fatura_ENbQbwn1p7lgcxMl/
349,O pior canal de telefonia e internet,/claro/o-pior-canal-de-telefonia-e-internet_i8RoVnO50vF_bIDm/
350,"Suporte Incorreto, Informações Errôneas, omissão de informações",/claro/suporte-incorreto-informacoes-erroneas-omissao-de-informacoes_BqE1_86Hq0wsELGq/
351,Fiz uma recarga e não entrou saldo,/claro/fiz-uma-recarga-e-nao-entrou-saldo_iwd8JqRJmE8YVrk-/
352,SAC ALEGA NÃO PODER FAZER NADA E OUVIDORIA NAO ATENDE O PROTOCOLO ******* ESTAR EM ANDAMENTO,/claro/sac-alega-nao-poder-fazer-nada-e-ouvidoria-nao-atende-o-protocolo-e_CMxpB1krHAhENhqp/
353,cobrança indevida,/claro/cobranca-indevida_s_5b4rMa_mhZAiPv/
354,troca de plano,/claro/troca-de-plano_byu6WjUh0cxAFejb/
355,Furto de Créditos e aumento sem comunicação Prévia aos usuários,/claro/furto-de-creditos-e-aumento-sem-comunicacao-previa-aos-usuarios_lLYgHra6AlKUNGV5/
356,Aparelho retirado e cobrança indevida,/claro/aparelho-retirado-e-cobranca-indevida_g6hVpZLB6kRplX4H/
357,Fatura,/claro/fatura_ENbQbwn1p7lgcxMl/
358,O pior canal de telefonia e internet,/claro/o-pior-canal-de-telefonia-e-internet_i8RoVnO50vF_bIDm/
359,To cansada de ser atendida por IA,/claro/to-cansada-de-ser-atendida-por-ia_oSSjPqtRpbG-B-k4/
360,Fiz uma recarga e não entrou saldo,/claro/fiz-uma-recarga-e-nao-entrou-saldo_iwd8JqRJmE8YVrk-/
361,SAC ALEGA NÃO PODER FAZER NADA E OUVIDORIA NAO ATENDE O PROTOCOLO ******* ESTAR EM ANDAMENTO,/claro/sac-alega-nao-poder-fazer-nada-e-ouvidoria-nao-atende-o-protocolo-e_CMxpB1krHAhENhqp/
362,cobrança indevida,/claro/cobranca-indevida_s_5b4rMa_mhZAiPv/
363,troca de plano,/claro/troca-de-plano_byu6WjUh0cxAFejb/
364,Furto de Créditos e aumento sem comunicação Prévia aos usuários,/claro/furto-de-creditos-e-aumento-sem-comunicacao-previa-aos-usuarios_lLYgHra6AlKUNGV5/
365,Aparelho retirado e cobrança indevida,/claro/aparelho-retirado-e-cobranca-indevida_g6hVpZLB6kRplX4H/
366,Fatura,/claro/fatura_ENbQbwn1p7lgcxMl/
367,O pior canal de telefonia e internet,/claro/o-pior-canal-de-telefonia-e-internet_i8RoVnO50vF_bIDm/
368,To cansada de ser atendida por IA,/claro/to-cansada-de-ser-atendida-por-ia_oSSjPqtRpbG-B-k4/
369,Humilhado,/claro/humilhado_fuBQ8zLig568fZR7/
370,SAC ALEGA NÃO PODER FAZER NADA E OUVIDORIA NAO ATENDE O PROTOCOLO ******* ESTAR EM ANDAMENTO,/claro/sac-alega-nao-poder-fazer-nada-e-ouvidoria-nao-atende-o-protocolo-e_CMxpB1krHAhENhqp/
371,cobrança indevida,/claro/cobranca-indevida_s_5b4rMa_mhZAiPv/
372,troca de plano,/claro/troca-de-plano_byu6WjUh0cxAFejb/
373,Furto de Créditos e aumento sem comunicação Prévia aos usuários,/claro/furto-de-creditos-e-aumento-sem-comunicacao-previa-aos-usuarios_lLYgHra6AlKUNGV5/
374,Aparelho retirado e cobrança indevida,/claro/aparelho-retirado-e-cobranca-indevida_g6hVpZLB6kRplX4H/
375,Fatura,/claro/fatura_ENbQbwn1p7lgcxMl/
376,O pior canal de telefonia e internet,/claro/o-pior-canal-de-telefonia-e-internet_i8RoVnO50vF_bIDm/
377,To cansada de ser atendida por IA,/claro/to-cansada-de-ser-atendida-por-ia_oSSjPqtRpbG-B-k4/
378,Humilhado,/claro/humilhado_fuBQ8zLig568fZR7/
379,claro residencia,/claro/claro-residencia_ZRL3oWXjF0Rj5MrJ/
380,cobrança indevida,/claro/cobranca-indevida_s_5b4rMa_mhZAiPv/
381,troca de plano,/claro/troca-de-plano_byu6WjUh0cxAFejb/
382,Furto de Créditos e aumento sem comunicação Prévia aos usuários,/claro/furto-de-creditos-e-aumento-sem-comunicacao-previa-aos-usuarios_lLYgHra6AlKUNGV5/
383,Aparelho retirado e cobrança indevida,/claro/aparelho-retirado-e-cobranca-indevida_g6hVpZLB6kRplX4H/
384,Fatura,/claro/fatura_ENbQbwn1p7lgcxMl/
385,O pior canal de telefonia e internet,/claro/o-pior-canal-de-telefonia-e-internet_i8RoVnO50vF_bIDm/
386,To cansada de ser atendida por IA,/claro/to-cansada-de-ser-atendida-por-ia_oSSjPqtRpbG-B-k4/
387,Humilhado,/claro/humilhado_fuBQ8zLig568fZR7/
388,claro residencia,/claro/claro-residencia_ZRL3oWXjF0Rj5MrJ/
389,Sem sinal de internet e TV,/claro/sem-sinal-de-internet-e-tv_buZGy5lTmOqPE6Sf/
390,troca de plano,/claro/troca-de-plano_byu6WjUh0cxAFejb/
391,Furto de Créditos e aumento sem comunicação Prévia aos usuários,/claro/furto-de-creditos-e-aumento-sem-comunicacao-previa-aos-usuarios_lLYgHra6AlKUNGV5/
392,Aparelho retirado e cobrança indevida,/claro/aparelho-retirado-e-cobranca-indevida_g6hVpZLB6kRplX4H/
393,Fatura,/claro/fatura_ENbQbwn1p7lgcxMl/
394,O pior canal de telefonia e internet,/claro/o-pior-canal-de-telefonia-e-internet_i8RoVnO50vF_bIDm/
395,To cansada de ser atendida por IA,/claro/to-cansada-de-ser-atendida-por-ia_oSSjPqtRpbG-B-k4/
396,Humilhado,/claro/humilhado_fuBQ8zLig568fZR7/
397,claro residencia,/claro/claro-residencia_ZRL3oWXjF0Rj5MrJ/
398,Sem sinal de internet e TV,/claro/sem-sinal-de-internet-e-tv_buZGy5lTmOqPE6Sf/
399,Internet cai todos os dias,/claro/internet-cai-todos-os-dias_E4NvBkEUnT549msj/
400,Furto de Créditos e aumento sem comunicação Prévia aos usuários,/claro/furto-de-creditos-e-aumento-sem-comunicacao-previa-aos-usuarios_lLYgHra6AlKUNGV5/
401,Aparelho retirado e cobrança indevida,/claro/aparelho-retirado-e-cobranca-indevida_g6hVpZLB6kRplX4H/
402,Fatura,/claro/fatura_ENbQbwn1p7lgcxMl/
403,O pior canal de telefonia e internet,/claro/o-pior-canal-de-telefonia-e-internet_i8RoVnO50vF_bIDm/
404,To cansada de ser atendida por IA,/claro/to-cansada-de-ser-atendida-por-ia_oSSjPqtRpbG-B-k4/
405,Humilhado,/claro/humilhado_fuBQ8zLig568fZR7/
406,claro residencia,/claro/claro-residencia_ZRL3oWXjF0Rj5MrJ/
407,Sem sinal de internet e TV,/claro/sem-sinal-de-internet-e-tv_buZGy5lTmOqPE6Sf/
408,Internet cai todos os dias,/claro/internet-cai-todos-os-dias_E4NvBkEUnT549msj/
409,"Claro quer que assinemos plano, sem nossa intenção.",/claro/claro-quer-que-assinemos-plano-sem-nossa-intencao_P6_07kwPIFICy0qZ/
410,Aparelho retirado e cobrança indevida,/claro/aparelho-retirado-e-cobranca-indevida_g6hVpZLB6kRplX4H/
411,Fatura,/claro/fatura_ENbQbwn1p7lgcxMl/
412,O pior canal de telefonia e internet,/claro/o-pior-canal-de-telefonia-e-internet_i8RoVnO50vF_bIDm/
413,To cansada de ser atendida por IA,/claro/to-cansada-de-ser-atendida-por-ia_oSSjPqtRpbG-B-k4/
414,Humilhado,/claro/humilhado_fuBQ8zLig568fZR7/
415,claro residencia,/claro/claro-residencia_ZRL3oWXjF0Rj5MrJ/
416,Sem sinal de internet e TV,/claro/sem-sinal-de-internet-e-tv_buZGy5lTmOqPE6Sf/
417,Internet cai todos os dias,/claro/internet-cai-todos-os-dias_E4NvBkEUnT549msj/
418,"Claro quer que assinemos plano, sem nossa intenção.",/claro/claro-quer-que-assinemos-plano-sem-nossa-intencao_P6_07kwPIFICy0qZ/
419,A Claro NET está me impedindo de encerrar o meu contrato de internet,/claro/a-claro-net-esta-me-impedindo-de-encerrar-o-meu-contrato-de-internet_pMOu7qBjhxpRXxpu/
420,Fatura,/claro/fatura_ENbQbwn1p7lgcxMl/
421,O pior canal de telefonia e internet,/claro/o-pior-canal-de-telefonia-e-internet_i8RoVnO50vF_bIDm/
422,To cansada de ser atendida por IA,/claro/to-cansada-de-ser-atendida-por-ia_oSSjPqtRpbG-B-k4/
423,Humilhado,/claro/humilhado_fuBQ8zLig568fZR7/
424,claro residencia,/claro/claro-residencia_ZRL3oWXjF0Rj5MrJ/
425,Sem sinal de internet e TV,/claro/sem-sinal-de-internet-e-tv_buZGy5lTmOqPE6Sf/
426,Internet cai todos os dias,/claro/internet-cai-todos-os-dias_E4NvBkEUnT549msj/
427,"Claro quer que assinemos plano, sem nossa intenção.",/claro/claro-quer-que-assinemos-plano-sem-nossa-intencao_P6_07kwPIFICy0qZ/
428,A Claro NET está me impedindo de encerrar o meu contrato de internet,/claro/a-claro-net-esta-me-impedindo-de-encerrar-o-meu-contrato-de-internet_pMOu7qBjhxpRXxpu/
429,FATURA ABUSIVA,/claro/fatura-abusiva_eKqmCd5rhat7ehX9/
430,O pior canal de telefonia e internet,/claro/o-pior-canal-de-telefonia-e-internet_i8RoVnO50vF_bIDm/
431,To cansada de ser atendida por IA,/claro/to-cansada-de-ser-atendida-por-ia_oSSjPqtRpbG-B-k4/
432,Humilhado,/claro/humilhado_fuBQ8zLig568fZR7/
433,claro residencia,/claro/claro-residencia_ZRL3oWXjF0Rj5MrJ/
434,Sem sinal de internet e TV,/claro/sem-sinal-de-internet-e-tv_buZGy5lTmOqPE6Sf/
435,Internet cai todos os dias,/claro/internet-cai-todos-os-dias_E4NvBkEUnT549msj/
436,"Claro quer que assinemos plano, sem nossa intenção.",/claro/claro-quer-que-assinemos-plano-sem-nossa-intencao_P6_07kwPIFICy0qZ/
437,A Claro NET está me impedindo de encerrar o meu contrato de internet,/claro/a-claro-net-esta-me-impedindo-de-encerrar-o-meu-contrato-de-internet_pMOu7qBjhxpRXxpu/
438,FATURA ABUSIVA,/claro/fatura-abusiva_eKqmCd5rhat7ehX9/
439,"Lesado, enganado pelo atendente",/claro/enganado-pelo-atendente_p2EdLW2YBGbhXc2Y/
440,To cansada de ser atendida por IA,/claro/to-cansada-de-ser-atendida-por-ia_oSSjPqtRpbG-B-k4/
441,Humilhado,/claro/humilhado_fuBQ8zLig568fZR7/
442,claro residencia,/claro/claro-residencia_ZRL3oWXjF0Rj5MrJ/
443,Sem sinal de internet e TV,/claro/sem-sinal-de-internet-e-tv_buZGy5lTmOqPE6Sf/
444,Internet cai todos os dias,/claro/internet-cai-todos-os-dias_E4NvBkEUnT549msj/
445,"Claro quer que assinemos plano, sem nossa intenção.",/claro/claro-quer-que-assinemos-plano-sem-nossa-intencao_P6_07kwPIFICy0qZ/
446,A Claro NET está me impedindo de encerrar o meu contrato de internet,/claro/a-claro-net-esta-me-impedindo-de-encerrar-o-meu-contrato-de-internet_pMOu7qBjhxpRXxpu/
447,FATURA ABUSIVA,/claro/fatura-abusiva_eKqmCd5rhat7ehX9/
448,"Lesado, enganado pelo atendente",/claro/enganado-pelo-atendente_p2EdLW2YBGbhXc2Y/
449,Muitas ligações diariamente,/claro/muitas-ligacoes-diariamente_n5pKbYswa3MI84er/
450,Humilhado,/claro/humilhado_fuBQ8zLig568fZR7/
451,claro residencia,/claro/claro-residencia_ZRL3oWXjF0Rj5MrJ/
452,Sem sinal de internet e TV,/claro/sem-sinal-de-internet-e-tv_buZGy5lTmOqPE6Sf/
453,Internet cai todos os dias,/claro/internet-cai-todos-os-dias_E4NvBkEUnT549msj/
454,"Claro quer que assinemos plano, sem nossa intenção.",/claro/claro-quer-que-assinemos-plano-sem-nossa-intencao_P6_07kwPIFICy0qZ/
455,A Claro NET está me impedindo de encerrar o meu contrato de internet,/claro/a-claro-net-esta-me-impedindo-de-encerrar-o-meu-contrato-de-internet_pMOu7qBjhxpRXxpu/
456,FATURA ABUSIVA,/claro/fatura-abusiva_eKqmCd5rhat7ehX9/
457,"Lesado, enganado pelo atendente",/claro/enganado-pelo-atendente_p2EdLW2YBGbhXc2Y/
458,Muitas ligações diariamente,/claro/muitas-ligacoes-diariamente_n5pKbYswa3MI84er/
459,Cobrança indevida.,/claro/cobranca-indevida_PAcxrl-8EZ9JXCBU/
460,claro residencia,/claro/claro-residencia_ZRL3oWXjF0Rj5MrJ/
461,Sem sinal de internet e TV,/claro/sem-sinal-de-internet-e-tv_buZGy5lTmOqPE6Sf/
462,Internet cai todos os dias,/claro/internet-cai-todos-os-dias_E4NvBkEUnT549msj/
463,"Claro quer que assinemos plano, sem nossa intenção.",/claro/claro-quer-que-assinemos-plano-sem-nossa-intencao_P6_07kwPIFICy0qZ/
464,A Claro NET está me impedindo de encerrar o meu contrato de internet,/claro/a-claro-net-esta-me-impedindo-de-encerrar-o-meu-contrato-de-internet_pMOu7qBjhxpRXxpu/
465,FATURA ABUSIVA,/claro/fatura-abusiva_eKqmCd5rhat7ehX9/
466,"Lesado, enganado pelo atendente",/claro/enganado-pelo-atendente_p2EdLW2YBGbhXc2Y/
467,Muitas ligações diariamente,/claro/muitas-ligacoes-diariamente_n5pKbYswa3MI84er/
468,Cobrança indevida.,/claro/cobranca-indevida_PAcxrl-8EZ9JXCBU/
469,CRÉDITOS NÃO ENTRARAM NO SALDO DO CELULAR,/claro/creditos-nao-entraram-no-saldo-do-celular_aMnDDTItJ8A5MybS/
470,Sem sinal de internet e TV,/claro/sem-sinal-de-internet-e-tv_buZGy5lTmOqPE6Sf/
471,Internet cai todos os dias,/claro/internet-cai-todos-os-dias_E4NvBkEUnT549msj/
472,"Claro quer que assinemos plano, sem nossa intenção.",/claro/claro-quer-que-assinemos-plano-sem-nossa-intencao_P6_07kwPIFICy0qZ/
473,A Claro NET está me impedindo de encerrar o meu contrato de internet,/claro/a-claro-net-esta-me-impedindo-de-encerrar-o-meu-contrato-de-internet_pMOu7qBjhxpRXxpu/
474,FATURA ABUSIVA,/claro/fatura-abusiva_eKqmCd5rhat7ehX9/
475,"Lesado, enganado pelo atendente",/claro/enganado-pelo-atendente_p2EdLW2YBGbhXc2Y/
476,Muitas ligações diariamente,/claro/muitas-ligacoes-diariamente_n5pKbYswa3MI84er/
477,Cobrança indevida.,/claro/cobranca-indevida_PAcxrl-8EZ9JXCBU/
478,CRÉDITOS NÃO ENTRARAM NO SALDO DO CELULAR,/claro/creditos-nao-entraram-no-saldo-do-celular_aMnDDTItJ8A5MybS/
479,Cobrança Indevida e Recorrente,/claro/cobranca-indevida-e-recorrente_io5a9SkVp2oOaqIm/
480,Internet cai todos os dias,/claro/internet-cai-todos-os-dias_E4NvBkEUnT549msj/
481,"Claro quer que assinemos plano, sem nossa intenção.",/claro/claro-quer-que-assinemos-plano-sem-nossa-intencao_P6_07kwPIFICy0qZ/
482,A Claro NET está me impedindo de encerrar o meu contrato de internet,/claro/a-claro-net-esta-me-impedindo-de-encerrar-o-meu-contrato-de-internet_pMOu7qBjhxpRXxpu/
483,FATURA ABUSIVA,/claro/fatura-abusiva_eKqmCd5rhat7ehX9/
484,"Lesado, enganado pelo atendente",/claro/enganado-pelo-atendente_p2EdLW2YBGbhXc2Y/
485,Muitas ligações diariamente,/claro/muitas-ligacoes-diariamente_n5pKbYswa3MI84er/
486,Cobrança indevida.,/claro/cobranca-indevida_PAcxrl-8EZ9JXCBU/
487,CRÉDITOS NÃO ENTRARAM NO SALDO DO CELULAR,/claro/creditos-nao-entraram-no-saldo-do-celular_aMnDDTItJ8A5MybS/
488,Cobrança Indevida e Recorrente,/claro/cobranca-indevida-e-recorrente_io5a9SkVp2oOaqIm/
489,SEM INTERNET,/claro/sem-internet_7eU3RGcmaFrrbz1T/
490,"Claro quer que assinemos plano, sem nossa intenção.",/claro/claro-quer-que-assinemos-plano-sem-nossa-intencao_P6_07kwPIFICy0qZ/
491,A Claro NET está me impedindo de encerrar o meu contrato de internet,/claro/a-claro-net-esta-me-impedindo-de-encerrar-o-meu-contrato-de-internet_pMOu7qBjhxpRXxpu/
492,FATURA ABUSIVA,/claro/fatura-abusiva_eKqmCd5rhat7ehX9/
493,"[Editado pelo Reclame Aqui], enganado pelo atendente",/claro/enganado-pelo-atendente_p2EdLW2YBGbhXc2Y/
494,Muitas ligações diariamente,/claro/muitas-ligacoes-diariamente_n5pKbYswa3MI84er/
495,Cobrança indevida.,/claro/cobranca-indevida_PAcxrl-8EZ9JXCBU/
496,CRÉDITOS NÃO ENTRARAM NO SALDO DO CELULAR,/claro/creditos-nao-entraram-no-saldo-do-celular_aMnDDTItJ8A5MybS/
497,Cobrança Indevida e Recorrente,/claro/cobranca-indevida-e-recorrente_io5a9SkVp2oOaqIm/
498,SEM INTERNET,/claro/sem-internet_7eU3RGcmaFrrbz1T/
499,Sem acesso ao meu número de celular desde 20/07 após portabilidade,/claro/sem-acesso-ao-meu-numero-de-celular-desde-20-07-apos-portabilidade_0sih7G_7zlYWnWmH/
